Metric,Value
Estimated Policy Value,-29.057751737034806
Approval Rate,13.097419769288674
Baseline Policy Value,-1622.2971141477199
